path,file_size,file_size_human,env_client,env_server,download_domain,download_url,sha1,sha512,heuristic_role
mods/almanac-1.20.x-forge-1.0.2.jar,15906,15.53 KB,(省略),(省略),cdn.modrinth.com,https://cdn.modrinth.com/data/Gi02250Z/versions/DnzrwvfD/almanac-1.20.x-forge-1.0.2.jar,f0b711df59cd589b088e536ca4134c5e6e73fd58,58c4dea50fcb17593e2c97a23ce101c62b5b32e2fd71d4bbf323f2778d4474c991caba7234ecf4d06f1e246ccb9ad7f67f2fa73f023cd80ef55333e2ed952f43,未知/通用待确认
mods/appleskin-forge-mc1.20.1-2.5.1.jar,47428,46.32 KB,(省略),(省略),cdn.modrinth.com,https://cdn.modrinth.com/data/EsAfCjCV/versions/XdXDExVF/appleskin-forge-mc1.20.1-2.5.1.jar,81919356f84eab14258db98924b66c3c38e372b1,3176f928fb6c60d27f5edb610ca4ab0236175404eebf32797a1ec6cdd794bb294a260231579578536d03571377e43c6181adc75d8dd2c0733f17fce4f7e636b9,可能是客户端/视觉/QoL
mods/architectury-9.2.14-forge.jar,580602,566.99 KB,(省略),(省略),cdn.modrinth.com,https://cdn.modrinth.com/data/lhGA9TYQ/versions/1MKTLiiG/architectury-9.2.14-forge.jar,a52918a500ff421180a1cbd1a0cabee712134ec4,cf67f2050cafa00f0bee42e6d7bef77fdb808ac4f71742f7b4d6d5c1e6ffb49561a5a252f332d2b78a9767bdb5faa284611790dba303fbdc736ae36d794f61c7,可能是服务端或通用/玩法核心
mods/BadOptimizations-2.4.1-1.20.1.jar,460234,449.45 KB,(省略),(省略),cdn.modrinth.com,https://cdn.modrinth.com/data/g96Z4WVZ/versions/DIugITgU/BadOptimizations-2.4.1-1.20.1.jar,304007dcb0fb15ed1a1bc3771736470dafc5be0f,5e02d9c5a5bc3dccfccbfac4809cda4eb755c015060063b696e92568e0be3d8354a01f6ac5dae99bd27111b7e20bb680512287119459ad069dcf3e7d17cace0f,可能是客户端/视觉/QoL
mods/Bookshelf-Forge-1.20.1-20.2.15.jar,343925,335.86 KB,(省略),(省略),cdn.modrinth.com,https://cdn.modrinth.com/data/uy4Cnpcm/versions/7eS5OIHj/Bookshelf-Forge-1.20.1-20.2.15.jar,9df4908f606c6dc62a358b3e04e3fdedba59a12c,b5e3d6031ea91aca65b059c84d813d248347a870fac4811cd1e9d649f2a37c857bbd32f2f071b69589c7b3940bf5bb4bdc0b82f62818bb03255be14d23cef170,可能是服务端或通用/玩法核心
mods/canary-mc1.20.1-0.3.3.jar,594191,580.26 KB,(省略),(省略),cdn.modrinth.com,https://cdn.modrinth.com/data/qa2H4BS9/versions/lauzXB0n/canary-mc1.20.1-0.3.3.jar,898abd9e337ef1c677ce93f5589497a09c7e9850,38f0bec7967f9d354e46dacdbe7d284ef823270dc737a7388adde157c45a025e53d77e04a00a582900666b85402c461bee4b80345fc7f03edb5c2b96708442bd,未知/通用待确认
mods/cloth-config-11.1.136-forge.jar,1181413,1.13 MB,(省略),(省略),cdn.modrinth.com,https://cdn.modrinth.com/data/9s6osm5g/versions/t8TXrZvZ/cloth-config-11.1.136-forge.jar,c65d07748acc57ceb45d53b3964368b84f34d54f,137c4af99c53d77317cbfb1cc8c49fc2761708b49d1992f51fd846960df41dde3a83519c987e081508d4ed90c603566f3d5a6cb620ad9d85b8f4de59aa9115ef,可能是服务端或通用/玩法核心
mods/combatsense-1.0.1.jar,44438,43.40 KB,(省略),(省略),cdn.modrinth.com,https://cdn.modrinth.com/data/rYE70b69/versions/4RPRuxYF/combatsense-1.0.1.jar,a19906e4f4a7b0029f34974ba3ced7231343235a,b4e1207b3f8ed75c03c6dd3f654ecae698a495ef83b0d4b8397917f7ee04ff3d8ff346ae95312c4fc9bed7fefe85694af808081799542796e566ac271b8a2ac9,可能是服务端或通用/玩法核心
mods/ConnectorExtras-1.11.2+1.20.1.jar,182464,178.19 KB,(省略),(省略),cdn.modrinth.com,https://cdn.modrinth.com/data/FYpiwiBR/versions/d28gpPn6/ConnectorExtras-1.11.2%2B1.20.1.jar,9336db4e6ce458bccf7724c039f0371e822397ae,a318841ce2c42e8ba2058d47ad323bcb8ca500515c391f3f31b6468e8d4d974a53effe8a0a801b7fafd60d9845be514696bd9b095a3cc5d014bde02ce531bada,可能是服务端或通用/玩法核心
mods/continuity-3.0.0+1.20.1.forge.jar,1016666,992.84 KB,(省略),(省略),cdn.modrinth.com,https://cdn.modrinth.com/data/1IjD5062/versions/9KbAcWSO/continuity-3.0.0%2B1.20.1.forge.jar,816c1bb15c3686f67143dabced87bd4811cc43d2,eef634cde3307893e6f0c4c1d2e9a6e3eb706ee1b9ee86403d18c65762f7158e774665e503486477788b0ca320f543d03d5667a94f82ae2cd99f15a32e953b3a,可能是客户端/视觉/QoL
mods/coroutil-forge-1.20.1-1.3.7.jar,64187,62.68 KB,(省略),(省略),cdn.modrinth.com,https://cdn.modrinth.com/data/rLLJ1OZM/versions/6rPDKAT8/coroutil-forge-1.20.1-1.3.7.jar,7f5f0b62a638b6053c95919cbe8c2bea2e0c93d0,37a13eaa68579dd45204ebdfa43b2909123a2e5e875a2ca51da0d0882d4c524be1e95fce4bb26db21901b7d100ad9363968814e3566d44b5afce8fb8e8088057,可能是服务端或通用/玩法核心
mods/CreativeCore_FORGE_v2.12.38_mc1.20.1.jar,1144069,1.09 MB,(省略),(省略),cdn.modrinth.com,https://cdn.modrinth.com/data/OsZiaDHq/versions/J9tluyYl/CreativeCore_FORGE_v2.12.38_mc1.20.1.jar,1004b6ae4e494039e28b14f2ba3ebe6b182487a8,fb4460c6c808369bd8a2191413e2f59126ff6113ff266f40a8c872b9d412b7a804a66c8f8de58af48581c649cd23d59ae1b183af8031d532d5bbd595c3187f04,未知/通用待确认
mods/CustomSkinLoader_Universal-15.0.jar,218071,212.96 KB,(省略),(省略),cdn.modrinth.com,https://cdn.modrinth.com/data/idMHQ4n2/versions/l7Rzv5QF/CustomSkinLoader_Universal-15.0.jar,5afeba5f1dac62fd55b8fd40244bbf08b1eb2e35,8f928df3842de8f7d166256147f108d943d66b12575e115c1d90407db1b3f5b99aa551b1d94b58354dc838cf787f34a1107b7f16fb09c396181f5953d9988400,未知/通用待确认
mods/DamageVignette-2.0.2-forge+mc1.20.jar,139715,136.44 KB,(省略),(省略),cdn.modrinth.com,https://cdn.modrinth.com/data/TsEhjL6r/versions/Ekre1nh1/DamageVignette-2.0.2-forge%2Bmc1.20.jar,f847ee8d9e06be19158da2e01c3699bb1e81c210,3220954153d4cac4073f69f7411218f1ea48d0f7a14f2ba12db012c6fa2bb0aac52961ea97278c3ff2a1e28130c07ded1279a8106f2ae4cd23a4c4abd3103be3,可能是客户端/视觉/QoL
mods/do_a_barrel_roll-forge-3.5.6+1.20.1.jar,625488,610.83 KB,(省略),(省略),cdn.modrinth.com,https://cdn.modrinth.com/data/6FtRfnLg/versions/VH8QpKA5/do_a_barrel_roll-forge-3.5.6%2B1.20.1.jar,08b58bfbdf20660bdc5a0c4a0b088f7d89f40a38,f07294a0e43826c400d10fe52b6d3a5f58ba9c51eecd464f30957faae875d397a8fbfdd8b6e58989fc7ebfbb59f84b283eb7a83bebc906777d1a2b65336deec4,可能是客户端/视觉/QoL
mods/embeddium-0.3.31+mc1.20.1.jar,1320675,1.26 MB,(省略),(省略),cdn.modrinth.com,https://cdn.modrinth.com/data/sk9rgfiA/versions/UTbfe5d1/embeddium-0.3.31%2Bmc1.20.1.jar,bb2fa8f3e493af16af9160d049f96c614a1faf2f,ffbf2da4685260a4d5c14c621708bd20722563f084f042d3dfb0a7b87f048e39299648c854a93939129da0d23a15a91ec628560d601e76074b08e275f6e132e9,可能是客户端/视觉/QoL
mods/emi-1.1.24+1.20.1+forge.jar,1121750,1.07 MB,(省略),(省略),cdn.modrinth.com,https://cdn.modrinth.com/data/fRiHVvU7/versions/Axuu9I9R/emi-1.1.24%2B1.20.1%2Bforge.jar,ea320200878e4a49196760234a22da763671520a,02743be3476b7dc5668cedbcc5a6d384e9806981833926a83fed76a2800c44da33576e86308c058250718c128d58076f1b62bc53d200464326ace70a43229c8b,未知/通用待确认
mods/fabric-api-0.92.6+1.11.14+1.20.1.jar,3065813,2.92 MB,(省略),(省略),cdn.modrinth.com,https://cdn.modrinth.com/data/Aqlf1Shp/versions/XweDEycJ/fabric-api-0.92.6%2B1.11.14%2B1.20.1.jar,285c22b2567b9fdf98ef9808eceb5557de9611d3,3b84ea415d9255861bcbf78cfda3987b78aa452361bf44ba6a0223501a25ab5c5c55cb0eac6f460c88b8cec958f2b59211e488277c26e3432a08196f62049e7c,可能是服务端或通用/玩法核心
mods/fabric-language-kotlin-1.13.6+kotlin.2.2.20.jar,7479598,7.13 MB,(省略),(省略),cdn.modrinth.com,https://cdn.modrinth.com/data/Ha28R6CL/versions/i6MmXDwA/fabric-language-kotlin-1.13.6%2Bkotlin.2.2.20.jar,05e9cc4108da5b50735fa6d8a79a18fcd5310d82,1d1d70bd4662ec1fcba57c9f16c3bceb185e8986119f266594f37d145d6d19772e5d6a50dcfec315e600c9eafd32f2b5f86bab72ae1954891297cde7fce62e9b,可能是服务端或通用/玩法核心
mods/fast-ip-ping-v1.0.11-mc1.20.4-forge.jar,10408,10.16 KB,(省略),(省略),cdn.modrinth.com,https://cdn.modrinth.com/data/9mtu0sUO/versions/WVhGsL3a/fast-ip-ping-v1.0.11-mc1.20.4-forge.jar,0499d46875bce1bffb1978ff775a77b13363aa22,394ea9a4f1afcf8eca0a1d57eb560dc54af0213b8062be95032f2a378a14bc9df790a2b82a08e08cd213ca86674d3febc7747a53d64db738eca53a0ef4e4d8ab,可能是客户端/视觉/QoL
mods/ferritecore-6.0.1-forge.jar,123034,120.15 KB,(省略),(省略),cdn.modrinth.com,https://cdn.modrinth.com/data/uXXizFIs/versions/DG5Fn9Sz/ferritecore-6.0.1-forge.jar,417fb6ce8f52abf40bd9d0390371790f9576f8ba,a1960a7c03dc32d4ccaccaf28afdd9b078758bbd62d15a91d4039a83fa9397a098e89b69591f6bd5190254d9ee97e502504154b9aec764adb8c65f000b75ba2c,未知/通用待确认
mods/fragmentum-forge-1.20.1-1.3.0.jar,2733846,2.61 MB,(省略),(省略),cdn.modrinth.com,https://cdn.modrinth.com/data/49C5QgTK/versions/5KD02RU4/fragmentum-forge-1.20.1-1.3.0.jar,4d3c7ff7d0281713b92506dc4e4a358c549d3cf1,703d1386cec1d9a5e6af81a1f10efd41f594417bcf285fb7f8dc4b2ba959636f1cad51c08ed78812f7eb96ff75ef3af498a91d46e97832d4ee0f17367a11dbff,未知/通用待确认
mods/fzzy_config-0.7.6+1.20.1+forge.jar,2374667,2.26 MB,(省略),(省略),cdn.modrinth.com,https://cdn.modrinth.com/data/hYykXjDp/versions/7MmXhjWs/fzzy_config-0.7.6%2B1.20.1%2Bforge.jar,2e9ca1c5f028c251e1bc18b9ebaa06d401c8e624,dff242c555006ddab4ffca5ca005b4186cfec3e9f5a9409dc15e91bf1e4eadb33508e458709d0b154b372e214ceb6d8cd343f1e718eb426db4570a292b0e4b0c,未知/通用待确认
mods/gd656killicon-1.1.1.003-1.20.1-forge.jar,11875654,11.33 MB,(省略),(省略),cdn.modrinth.com,https://cdn.modrinth.com/data/dWe4hPBb/versions/99M3Chfg/gd656killicon-1.1.1.003-1.20.1-forge.jar,1b817b74f152b1cf1b19d7ea6274ed1801887696,a1bddf304f0c5f4b90aa7b3604060b4bccf0f317fbbade77a778611e3eed9fe2f45b45601d56eda38a993abab983e68d1bf6136ae39bb5d2b7da89dc297f6e33,未知/通用待确认
mods/gnetum-2.4.6.jar,727997,710.93 KB,(省略),(省略),cdn.modrinth.com,https://cdn.modrinth.com/data/7MoE34WK/versions/Qllb5H3W/gnetum-2.4.6.jar,7754c4af277582133b44c1b6e586ca0488afd2a4,7f0e612d42c69b3360f451d6f93fd9eaa6597fd42d561548a5a05aca8ce77cc00e12323b4d584f95b9b73fa979e28b7d8df8f6fea5a7a2a903c88f615d102de5,未知/通用待确认
mods/hiddennames-1.20.1-1.0.6.jar,47190,46.08 KB,(省略),(省略),cdn.modrinth.com,https://cdn.modrinth.com/data/pLvK0C81/versions/5eZNuN1G/hiddennames-1.20.1-1.0.6.jar,397459119448bea9d338c60afda0ce1ae15358c1,3764f1410de0403291fc4416eae7adf168037ecb2eeccbf6764070fd1e6ad8136f8518b2532ee04a528958eee39b07ee6765053785c971da0df8c2092d8132e0,可能是客户端/视觉/QoL
mods/ImmediatelyFast-Forge-1.5.4+1.20.4.jar,538992,526.36 KB,(省略),(省略),cdn.modrinth.com,https://cdn.modrinth.com/data/5ZwdcRci/versions/OomXW3xp/ImmediatelyFast-Forge-1.5.4%2B1.20.4.jar,e2e60485a0c3efa72f1948c952b095150e3ba4fc,b4a30951b41367cbf6567e38d7ddada4a381b430e2bd2d2b01e195d1a8c434e9811af61b28962c1152bf5c669f3ede2551694df4e1b500b35cdf78178aa9e9f0,可能是客户端/视觉/QoL
mods/jei-1.20.1-forge-15.20.0.130.jar,1409705,1.34 MB,(省略),(省略),cdn.modrinth.com,https://cdn.modrinth.com/data/u6dRKJwZ/versions/RTFeXsvE/jei-1.20.1-forge-15.20.0.130.jar,1c51bf6df51ffbb1c5efe23780a7a3d053421f34,1987d97dfee85090117b3f5572059fcbf242f8dd4b41e2002c21ff271100aaf2ccc2f3ff912fa36a8cfec946c0a55e170d98c8b10347121357c9d428e08f6427,未知/通用待确认
mods/kotlinforforge-4.12.0-all.jar,7442998,7.10 MB,(省略),(省略),cdn.modrinth.com,https://cdn.modrinth.com/data/ordsPcFz/versions/Zsh14XeQ/kotlinforforge-4.12.0-all.jar,962fdb760409d6d71cbf079235f1ca94e3863a22,767f40030ed4b370a3838fa65ae1b79974f31979342fff7cc834a0d5f39eb28612642519352ff2a1dd5226ce1f745f8b3156ee3625ffde01219137d064c1ee40,可能是服务端或通用/玩法核心
mods/Krypton Reno-forge-1.20.1-26.1.1-1.20.1.jar,1793920,1.71 MB,(省略),(省略),cdn.modrinth.com,https://cdn.modrinth.com/data/JkxWVYwU/versions/sEH8i7QQ/Krypton%20Reno-forge-1.20.1-26.1.1-1.20.1.jar,bfa957bfa1f477f2cba4bd7fdf0e803095f80621,54c4f735dd1bb743bdf740599e89bcf6c8e6fbbd5499bf7ee8a56a2d80250b41cf2bd6efddcf58f5fbf3d40e1dce04c7f9dceca3ff02fa5cae9eae25ebb27929,未知/通用待确认
mods/libIPN-forge-1.20-4.0.2.jar,693301,677.05 KB,(省略),(省略),cdn.modrinth.com,https://cdn.modrinth.com/data/onSQdWhM/versions/pdAXmKcS/libIPN-forge-1.20-4.0.2.jar,3e7c7fcdc037a6ae3d9146e718d87fc83f88f6d5,be677ed6dd4aa60a67ec1b83c89db8ed7460c34f54e5783df94245b9e0a5af9d3e12ebb322cb04210dfaa6527ad1e555a998931adfd69c5a4c57ac0e4dc15819,未知/通用待确认
mods/lightspeed-1.20.1-1.1.2hotfix.jar,40285,39.34 KB,(省略),(省略),cdn.modrinth.com,https://cdn.modrinth.com/data/niZHUKxZ/versions/MUVGGG4m/lightspeed-1.20.1-1.1.2hotfix.jar,9d9ac4e588d27bc51b33498172e95539d03f9381,d795acc8f1614235c1062f94b58448cfc5893671123ef80b1ac372e871d34195a22abda1155bd400dd6ca2cfd6e7eab9d904f53cc97cea715c8f6c0d8aaee151,未知/通用待确认
mods/lrarmor-1.20.1-0.1.4.4.jar,887220,866.43 KB,(省略),(省略),cdn.modrinth.com,https://cdn.modrinth.com/data/iSupMfXz/versions/ATTGMqiB/lrarmor-1.20.1-0.1.4.4.jar,556cad5829b16424c4569bd5033dafd9ae86ec5f,ffe25c5d8340e358c5fa5556f1d7e3a0ad1fa8ece9a37a94129e27281ba632b10a77e5615b65b2f2952f8d5bbc4e1a77915b310fadc35ade919ddef014be5cfb,可能是服务端或通用/玩法核心
mods/lrtactical-1.20.1-0.4.1.jar,5439652,5.19 MB,(省略),(省略),cdn.modrinth.com,https://cdn.modrinth.com/data/AiwNM9O0/versions/McZNhhZ1/lrtactical-1.20.1-0.4.1.jar,f6b3b49aa6624cd6057cd0fbe02de871b8d9316a,0e8a82d26b515634728df55c540047ef5c4ab0fa935d9958fd24f24c09dc369b4742e3a6f017eb994f9bd4f8a2075a37601403297f39bae5af2c6d25b6b7626f,可能是服务端或通用/玩法核心
mods/midnightlib-forge-1.9.2+1.20.1.jar,61987,60.53 KB,(省略),(省略),cdn.modrinth.com,https://cdn.modrinth.com/data/codAaoxh/versions/EVVb5nP3/midnightlib-forge-1.9.2%2B1.20.1.jar,ff01aa718b71249012c41d9926d3fd2982809fdb,a4f50d46ad30de0f5622fd6aa8415a949889d114a1dc051b2d8d15ff505273aff80f8b40d61193ca71112567a3be396899e96d0ff1c26af31e77a9c68f70e896,未知/通用待确认
mods/moonlight-1.20-2.16.34-forge.jar,1419416,1.35 MB,(省略),(省略),cdn.modrinth.com,https://cdn.modrinth.com/data/twkfQtEc/versions/43kjMXMx/moonlight-1.20-2.16.34-forge.jar,5e20f2f0ce56a534accb32f80853d5a246599a4d,a83c960d783314f1d423a16225f92835429e1276ae0549698cf3560afae8ba05a0c54694e048d3fc05188216414fb268838992e480648e1e568e58c29eb995da,可能是服务端或通用/玩法核心
mods/MouseTweaks-forge-mc1.20.1-2.25.1.jar,76237,74.45 KB,(省略),(省略),cdn.modrinth.com,https://cdn.modrinth.com/data/aC3cM3Vq/versions/7JVXOe3K/MouseTweaks-forge-mc1.20.1-2.25.1.jar,d751153e722a4e014691c83f39f5b07c6ec5333c,a3bb0272c0a1a3be9250dfee030bb8f86217fa6a32bd534be8c940fdd8c466c800c2df85874877983ced36ecfc28c8ced6c0d42107c1ab621385b4be9a7c65eb,可能是客户端/视觉/QoL
mods/MRU-1.0.4+1.20.1+forge.jar,287393,280.66 KB,(省略),(省略),cdn.modrinth.com,https://cdn.modrinth.com/data/SNVQ2c0g/versions/nKL4LKzM/MRU-1.0.4%2B1.20.1%2Bforge.jar,c92d6d7cf2ffa333d64752edcde2b3c5a3e6edab,be202bfeb3724ff4433b51e02764c2498c36ed01229306492260c0bc2f3c62b9f8a3f500baf083210fc683723a60793db8c3e384b28e7da599806cf3c489fdac,未知/通用待确认
mods/obscure_tooltips-forge-1.20.1-3.10.0.jar,1137730,1.09 MB,(省略),(省略),cdn.modrinth.com,https://cdn.modrinth.com/data/5vetjDBY/versions/sFFZXXl8/obscure_tooltips-forge-1.20.1-3.10.0.jar,66ff6454b2fb04ee76a76982f87aeea2ffe855dd,af78c2e52d8cde711ab44e714cb96b00f8c2da0bb85e15aefd92e41fa954cce422201169439cdedb6d16586ae6613763bcccc12e81f7a60896244cc4da1fab2e,未知/通用待确认
mods/oculus-mc1.20.1-1.8.0.jar,2851119,2.72 MB,(省略),(省略),cdn.modrinth.com,https://cdn.modrinth.com/data/GchcoXML/versions/iQ1SwGc3/oculus-mc1.20.1-1.8.0.jar,984f774e71790deaec674c7587bd24e0711871b2,1bb4ac77400d6684347988ed298a692c2cb15cf7923693607eb8739b171a20fef7412259e9e157111d9ce21779badab386029956f7d2283a9e611722a373e9d5,可能是客户端/视觉/QoL
mods/packetfixer-3.3.2-1.18-1.20.4-merged.jar,188661,184.24 KB,(省略),(省略),cdn.modrinth.com,https://cdn.modrinth.com/data/c7m1mi73/versions/9F4NGhGR/packetfixer-3.3.2-1.18-1.20.4-merged.jar,79ebc5e66a5ee3ce92afb340e693d506e97361a0,916501acefab2a33f7b5438375dec0c3d523975d82c807c98496227c107c1efd57c95d9e1501d657513324a9ad617eb8ef7e963921263389af896da55dc707a9,未知/通用待确认
mods/PuzzlesLib-v8.1.33-1.20.1-Forge.jar,1342987,1.28 MB,(省略),(省略),cdn.modrinth.com,https://cdn.modrinth.com/data/QAGBst4M/versions/mIyVGf3d/PuzzlesLib-v8.1.33-1.20.1-Forge.jar,285b7c7616971338ccbe0022c9ea0f8ad3036aaf,4e0a6243f70a7f99bb631940bfeca49f31b13ec34f338d994fe129f0445e738ffd925e5c440f4e6bf822f9013bb8c2156de6dfcd62741d85c3ca3e8221d86a19,可能是服务端或通用/玩法核心
mods/saturn-mc1.20.1-0.1.3.jar,92319,90.16 KB,(省略),(省略),cdn.modrinth.com,https://cdn.modrinth.com/data/2eT495vq/versions/Yx85DYaG/saturn-mc1.20.1-0.1.3.jar,ad93f99d46714c46aaa6a4409aeca506e9fcac99,8b4b9a69e7b55df8148e83a6d17ef381b9c412d8730d0068974bd48bbdae1a1a43837a5307471bc5dd2b41d3aa821d73c8683a3f480a9d987b2cf0969aa178cc,未知/通用待确认
mods/skinlayers3d-forge-1.11.2-mc1.20.1.jar,2168901,2.07 MB,(省略),(省略),cdn.modrinth.com,https://cdn.modrinth.com/data/zV5r3pPn/versions/4oWvC9eo/skinlayers3d-forge-1.11.2-mc1.20.1.jar,473b49e775f4c9dd746929f20c33f8132b86f235,87f06a52665d5eec7cf7d9dcd73a94ba9aa2d0f1651578d3852afab128e17836cff76e40aa5661915ba106910cef0104a00ef04883977af74de1acc02bcecc1d,可能是客户端/视觉/QoL
mods/Sounds-2.2.1+1.20.1+forge.jar,10974911,10.47 MB,(省略),(省略),cdn.modrinth.com,https://cdn.modrinth.com/data/ZouiUX7t/versions/6vE02T1J/Sounds-2.2.1%2B1.20.1%2Bforge.jar,e75686799054958804d711b1b6ceef4d132764b8,f8195ec5f9611f9b96c5a23cfd81cb09bd1ea2721533aa768e550cf14c870b1dd384b6b04f012d0d5a09af1701d3cdc87ffad047e4ab5d2138094f60405b586c,可能是客户端/视觉/QoL
mods/taczaddon-1.20.1-1.1.8-hotfix1.jar,126103,123.15 KB,(省略),(省略),cdn.modrinth.com,https://cdn.modrinth.com/data/3Ihyt5WL/versions/KzpscuMb/taczaddon-1.20.1-1.1.8-hotfix1.jar,fa39105f44a6bd2f0bfcbddf3ea29fd8456eb0ac,0666cd75f327f91a7259c9971e34cdf9db86ceaaaa4d1379e5cd604640b126de9c69e0d84fc6ed97a31d70cc008bab2da1d19726b9db1e1d368a7a1b7f6de9aa,可能是服务端或通用/玩法核心
mods/tacz_x_guns_lights_addon-2.4.3.jar,91157,89.02 KB,(省略),(省略),cdn.modrinth.com,https://cdn.modrinth.com/data/XZBT7YTE/versions/BH8IjFyh/tacz_x_guns_lights_addon-2.4.3.jar,9174c3e793f00802e4bf49f7f7e629c71e66d07b,90bf2b52602a3eddee287ab65e27cc14a390371ede0c3e6a0bb4fbad656d0a1a1203c9ffd1ca0aa3905fe60298c529def6e48d1de942ce6e3bae6b084398f8a9,可能是服务端或通用/玩法核心
mods/worldplaytime-1.2.3-1.20.x-FORGE.jar,83163,81.21 KB,(省略),(省略),cdn.modrinth.com,https://cdn.modrinth.com/data/YkKeggdl/versions/3MMYpBHY/worldplaytime-1.2.3-1.20.x-FORGE.jar,fd2d2b5ba5aba079020c76fa865d4db27cfe3520,8828f99c9e5288570429a24272e22a30ba861e3fd8f199e138a381b147669e5e1795550b7632454aeb339c38a7297fad2fe6a74f33c17246c69bcae983474fe3,可能是客户端/视觉/QoL
mods/YeetusExperimentus-Forge-2.3.0-build.4+mc1.20.1.jar,568278,554.96 KB,(省略),(省略),cdn.modrinth.com,https://cdn.modrinth.com/data/HaaH232J/versions/LgPc1FbC/YeetusExperimentus-Forge-2.3.0-build.4%2Bmc1.20.1.jar,d40beae393ec07da5faf925cea380e31a7f08d39,55afa06e7020d6b84725d996046382641dd044078b5a1d918f30ae531a33be98990612dfc5eea41ec404246ce6eb0b77189d931e71c17b15bf5b903bc184444a,可能是客户端/视觉/QoL
mods/yet_another_config_lib_v3-3.6.6+1.20.1-forge.jar,1105891,1.05 MB,(省略),(省略),cdn.modrinth.com,https://cdn.modrinth.com/data/1eAoo2KR/versions/sCWgXDYQ/yet_another_config_lib_v3-3.6.6%2B1.20.1-forge.jar,644731e321c53a35a0b3177a3cc6347fe38002f4,7fdd923ae94c1ada9bf0524f21cdfbb4f870ea93b26d02f369829585892fc5a2f61e60f43a6686ee611ff11bde8f123f178279e2de453c8fb320264153a0e8d9,未知/通用待确认
mods/Zoomify-2.14.6+1.20.1.jar,1890159,1.80 MB,(省略),(省略),cdn.modrinth.com,https://cdn.modrinth.com/data/w7ThoJFB/versions/hWl13Hjr/Zoomify-2.14.6%2B1.20.1.jar,fb64da55f2a02b8dfa5bd87b71690ab38ae6012c,ad915de74005cbc55b6678a3333410e6891288b796efdd999bc5a9770f73981bf2c218e04a8bfe7837d445e1483ce9d22771f93132795be889db0c75834cf7d3,可能是客户端/视觉/QoL
mods/[gucci配件]guccivuitton-1.20.1-0.2.2.jar,1598544,1.52 MB,(省略),(省略),cdn.modrinth.com,https://cdn.modrinth.com/data/wdcuURhS/versions/NnUWhMdw/guccivuitton-1.20.1-0.2.2.jar,59e5ef296ff50bd1f0feaccc1ab7262a65b5429f,de58b0e5f605c24fb636db798f0da3c40e90d54723525945ffe7597711b14c6d95eb23c8a72725c1dad00ffa8abc3b919680a214f973734b9b3b7d47dbf8d850,未知/通用待确认
mods/[Lambd的动态光源] lambdynamiclights-4.4.0+1.20.1.jar,1114373,1.06 MB,(省略),(省略),cdn.modrinth.com,https://cdn.modrinth.com/data/yBW8D80W/versions/AQfTnYyJ/lambdynamiclights-4.4.0%2B1.20.1.jar,eb50a56760e7b8ccbee5479cf31b55375434ae76,65f297e32ba3a72537b22730dfbe8dac9ce1ba33e62c2ddf85302b8a5131dd1fe92cca151673599c0b6adeb4ec5bd254f2cfdde66c3ca909f08e9319ebfacb56,可能是客户端/视觉/QoL
mods/[TaC：绿葡萄附属包] lradd-1.20.1-0.3.0.jar,42492650,40.52 MB,(省略),(省略),cdn.modrinth.com,https://cdn.modrinth.com/data/vWxaCnwP/versions/KbReepVU/lradd-1.20.1-0.3.0.jar,3a3bd40a41cbabe8ae2b124ba6d53f54e42e330e,ddc0f6618ab474e92931db65d3f1715c7520325e1829c357fb31e448abd94406b34bdf2ad818e4c99c52e2b069e8659947487028819983d26e1435e3c9c0bd5f,可能是服务端或通用/玩法核心
mods/[Xaero的世界地图] xaeroworldmap-forge-1.20.1-1.41.0.jar,1389429,1.33 MB,(省略),(省略),cdn.modrinth.com,https://cdn.modrinth.com/data/NcUtCpym/versions/2QCjQ4y4/xaeroworldmap-forge-1.20.1-1.41.0.jar,f2c63673810ff7b87a7fee40d34e70a04fc80ef6,dd21c47593eb8caa0627bbde1e31733741272dc519fdbf0ff957d59a073604f7dd5cb6bbd228d88dc124eb57307c819f52a0a5594c9d6608f6843afcfae1b12c,可能是客户端/视觉/QoL
mods/[Xaero的小地图] xaerominimap-forge-1.20.1-26.1.0.jar,2147158,2.05 MB,(省略),(省略),cdn.modrinth.com,https://cdn.modrinth.com/data/1bokaNcj/versions/LHQz9XA1/xaerominimap-forge-1.20.1-26.1.0.jar,5b2be59a71add73676596d0d3350b832552bac70,b551a0b1f0d55274e14d63839a597403e1c3e5e72377594401ca25678dadbca68454d7582aa43b5d3bd1f62061a552a4bc1671b24b3dcb0ae3a2bf0436840dd7,可能是客户端/视觉/QoL
mods/[一键背包整理Next] InventoryProfilesNext-forge-1.20-1.10.20.jar,1457354,1.39 MB,(省略),(省略),cdn.modrinth.com,https://cdn.modrinth.com/data/O7RBXm3n/versions/CrtAI3P9/InventoryProfilesNext-forge-1.20-1.10.20.jar,979e74fa10b24a7d7c4d9aeb5824b80f4f9235cf,8d2ecb06d6cebe56b1e55c1cf535bd4aefd8c1bd7642741435ea0c07a1073e275c40c6b2bfd9c3f2d8fd73b711422e4e2b5e39f84ae756028517715633ed5658,可能是客户端/视觉/QoL
mods/[增强视觉效果／拓展视觉效果] EnhancedVisuals_FORGE_v1.8.29_mc1.20.1.jar,4728085,4.51 MB,(省略),(省略),cdn.modrinth.com,https://cdn.modrinth.com/data/KjL0jE2w/versions/W2ikYrjK/EnhancedVisuals_FORGE_v1.8.29_mc1.20.1.jar,3142a5c96baba66f411c65b807163f55845661fd,55c61e4d523f8017a2bc9d830f7671b4676473821f382c0d2ef83ec45a0ae2ede0d8f9ad069280e62692696d97b3b15beca2d3a9a91f4a084ab47acbca311160,可能是客户端/视觉/QoL
mods/[存档置顶] cherishedworlds-forge-6.1.7+1.20.1.jar,60956,59.53 KB,(省略),(省略),cdn.modrinth.com,https://cdn.modrinth.com/data/3azQ6p0W/versions/Uwaq5LPL/cherishedworlds-forge-6.1.7%2B1.20.1.jar,d3eb588c64691c9da83460e3b2e783401d337a34,473b066a5765b9205c453669e43437ac5d440d7de8a42dd4b50d97a917575740a725f825cada865ecfc02914012e78295e2e67e3161dffb8254a0e22061d65e1,可能是客户端/视觉/QoL
mods/[实体渲染机制优化] entityculling-forge-1.10.4-mc1.20.1.jar,1590222,1.52 MB,(省略),(省略),cdn.modrinth.com,https://cdn.modrinth.com/data/NNAgCjsB/versions/Y76YJbkP/entityculling-forge-1.10.4-mc1.20.1.jar,18dc9205922f820c265b96076bd417837715d73e,75740c670486bfd2516e16c350d8499b473d1569920c8ffd1750b1e33ffde7535917d9d869a1b620277b0022ae12d8e953a3713a28e61e810a60d0180ab73d6f,可能是客户端/视觉/QoL
mods/[平滑转移] smoothswapping-0.9.2-1.20.1-forge.jar,63398,61.91 KB,(省略),(省略),cdn.modrinth.com,https://cdn.modrinth.com/data/nmVEZj6t/versions/5Gp6PY2o/smoothswapping-0.9.2-1.20.1-forge.jar,3c4bdbd18e6c5336e0b12c7a63a56f28681a1187,f6593165491fc6fc5a9970e5521da1157c216be9b32c9346e898f9792874a3849429791238271b0242743c1bfc52da4544bf7771f3bafb7d9b0665b01614de4b,未知/通用待确认
mods/[手持物品信息显示] HeldItemTooltips-v8.0.0-1.20.1-Forge.jar,81672,79.76 KB,(省略),(省略),cdn.modrinth.com,https://cdn.modrinth.com/data/3wWtgZGB/versions/KTwi0wP7/HeldItemTooltips-v8.0.0-1.20.1-Forge.jar,a022976a33affa5a16e0d98b3f112a1276b407c9,2154f95cc8d7c7cb4e752be58923d0d886cf1895649365ca003c4dc75cf2e83c277ebf829be1dcfa8b621272b5b8fac1a1e9c135eed7dd0a353616e55ae17e4a,可能是客户端/视觉/QoL
mods/[拾取提示] PickUpNotifier-v8.0.0-1.20.1-Forge.jar,102164,99.77 KB,(省略),(省略),cdn.modrinth.com,https://cdn.modrinth.com/data/ZX66K16c/versions/LojgSWbd/PickUpNotifier-v8.0.0-1.20.1-Forge.jar,378cc9730d1f11cd4c50add96263baccacdb4942,3cddd0e7cd2527bf9483c2a4a40eb1d1e650c806fdfd3bcdf55cffdcc0575ca71d56a50d8d09cca63793e3da6b22436b636702755e0644beb4b0051f039a2dda,可能是客户端/视觉/QoL
mods/[提示] Tips-Forge-1.20.1-12.1.9.jar,127186,124.21 KB,(省略),(省略),cdn.modrinth.com,https://cdn.modrinth.com/data/AMCbgyVw/versions/bOsklji6/Tips-Forge-1.20.1-12.1.9.jar,033d62395ecf7939f82e5a69ef53cf62ad1afb7f,e029acc0526ca306b0e4706ce26b3028d20225574c8c6b4434f54b27223d09ab6d18123423bdce93acde9ddc83a343017f9bd96da86b01c3e438b0508a8e75b9,未知/通用待确认
mods/[方块实体优化] enhancedblockentities-0.9+1.20.jar,490690,479.19 KB,(省略),(省略),cdn.modrinth.com,https://cdn.modrinth.com/data/OVuFYfre/versions/i3v1Skck/enhancedblockentities-0.9%2B1.20.jar,61cfe50f69f8ef9e3640c0269ef158870f5b0410,7e8b402fd25efd396bc7f0f25a663808ae9890accc227850c454dfcdc975657f22afceb15878e781485622434a6f6d60aff2a60264aa4425edd52ebe052a0de5,未知/通用待确认
mods/[星光] starlight-1.1.2+forge.1cda73c.jar,110583,107.99 KB,(省略),(省略),cdn.modrinth.com,https://cdn.modrinth.com/data/iRfIGC1s/versions/cNa0vkNj/starlight-1.1.2%2Bforge.1cda73c.jar,a915880c7834a0b0f9f300f0e3053deaa9a3205a,cc89c6b2dd0db709586028c7732a57a3e6184f19cc2b98b25964c720c3ab434031e62de23e0dab022575d637b5e4a34b5813164d32ec356d56588da400e7d026,未知/通用待确认
mods/[更美观的血条] colorfulhearts-forge-1.20.1-4.3.16.jar,122868,119.99 KB,(省略),(省略),cdn.modrinth.com,https://cdn.modrinth.com/data/wQfMUdZT/versions/LkhTyd10/colorfulhearts-forge-1.20.1-4.3.16.jar,840036c824edfe6e155f4488337e5f5aec26a17f,4f0c9400669b36b6504b495856d8b3f3ae6885ef41ba596f41a94ef7f39e88e976e91e2d49312ce9b155abdbbaf19acaf9ac0530e3557486b969dab79438734c,未知/通用待确认
mods/[树叶渲染优化] cullleaves-forge-4.1.1+1.20.1.jar,97480,95.20 KB,(省略),(省略),cdn.modrinth.com,https://cdn.modrinth.com/data/GNxdLCoP/versions/yFZM1Bsc/cullleaves-forge-4.1.1%2B1.20.1.jar,610b92837c4233c5c1f22ed495728c5ad0c78050,3c68a290b5b546a663d38a1353485aca6f02efbb80fbd1c0e10214d93c27fadd5145f4fb74a7c616a0ce34cb4ffa1a75a62ca386c7d1041bbdf411b29626753f,可能是客户端/视觉/QoL
mods/[永恒枪械工坊：零] tacz-1.20.1-1.1.8-hotfix.jar,57465167,54.80 MB,(省略),(省略),cdn.modrinth.com,https://cdn.modrinth.com/data/SzzJttH8/versions/yOVIzIJR/tacz-1.20.1-1.1.8-hotfix.jar,bddafeea4c9c1132ed720c30fbaedfe5ab25e846,bf35bd51dfe39fdffc3f4f7b6695e85348b64807e2977bca813decdfbe4c2d7cd5e15c437e42a012aaa067e271b02cd92f3d32e4fa08d36fedc141e668a115c6,可能是服务端或通用/玩法核心
mods/[游戏内输入法续更版 ／ 游戏内输入法 Forge 重置版] ContingameIME-1.0.7-1.20.1-forge.jar,193628,189.09 KB,(省略),(省略),cdn.modrinth.com,https://cdn.modrinth.com/data/5Z2YdwIT/versions/V0QAGw3U/ContingameIME-1.0.7-1.20.1-forge.jar,d4b780795cc111b11c84bbf4cfb05a72f36904e1,212a22430f78e570f3ad17cef818737885221fb61a8cba0689451e5975003d3a5f92f8113aa29fb37cea34020d3a04c0bed7e669ffba05af7d4d3a3b55ba47ce,可能是客户端/视觉/QoL
mods/[物品栏HUD+] inventoryhud.forge.1.20.1-3.4.26.jar,238088,232.51 KB,(省略),(省略),cdn.modrinth.com,https://cdn.modrinth.com/data/Kp2uclYl/versions/xnDlNpNS/inventoryhud.forge.1.20.1-3.4.26.jar,f0adda10a3d6549e6dfdffd41e72270c61c8a302,69698f4b505d070b097fab6b7bde508f8de138137f5825ed6601601a02b3a8876a4ad2f93f25667a6579367dd20dc3a5ae0465a4957bd5740a12668d6b3ad725,可能是客户端/视觉/QoL
mods/[物品物理掉落] ItemPhysicLite_FORGE_v1.6.10_mc1.20.1.jar,19504,19.05 KB,(省略),(省略),cdn.modrinth.com,https://cdn.modrinth.com/data/OuyCgP8t/versions/PjXlVWZI/ItemPhysicLite_FORGE_v1.6.10_mc1.20.1.jar,7176737db20a4deb50bd5624b07ded22acb81fd5,d7d992311d9c3bbfe1a1c1ab89b7c6618cfcf95e4a4fdfbee10b341cd9ca184575b6e9b54c7d0c15805848a38ceb948fd4eac5158a9ebedcb4eae0079e74940f,可能是客户端/视觉/QoL
mods/[玉 🔍] Jade-1.20.1-Forge-11.13.2.jar,552486,539.54 KB,(省略),(省略),cdn.modrinth.com,https://cdn.modrinth.com/data/nvQzSEkH/versions/LecuGude/Jade-1.20.1-Forge-11.13.2.jar,1997e5fe2db3a0575ca79bfe4720019f01fd2b8c,612c7535d28ae0cb336f31b790770b3dcb5173d496fb74eabcb28d06e3b88e72733128060cefc4ae4147cce528a8e8c09688a36d8f9e11dbf77e93d89b743560,未知/通用待确认
mods/[玩家救援] PlayerRevive_FORGE_v2.0.31_mc1.20.1.jar,5298162,5.05 MB,(省略),(省略),cdn.modrinth.com,https://cdn.modrinth.com/data/ABIMzABM/versions/fUdn8MeF/PlayerRevive_FORGE_v2.0.31_mc1.20.1.jar,84c039f20b8f048c835c429c2c4a9fd82a5e65f6,26ec9d4f4ff24a3e708f5485e40149214df76734af90848429bc7cedf397230a8e7b8b11aa21f11e50ea2987c862f09186ecd1b55b7ded31c5c99d661ede686a,未知/通用待确认
mods/[现代化 UI] ModernUI-Forge-1.20.1-3.12.0.1-universal.jar,25104473,23.94 MB,(省略),(省略),cdn.modrinth.com,https://cdn.modrinth.com/data/3sjzyvGR/versions/6ksT8CWg/ModernUI-Forge-1.20.1-3.12.0.1-universal.jar,fcebe51e3c2ca34793f9b132fa05b5494ffc76a4,cf9a1bfa25f956a9277639da833a86d59a6a55bc690b6c03d4292bb240cb775c32ecf7ae253db7779757e2c74c5adf2c272c4ecdb35b907027de3ec7534bbd27,未知/通用待确认
mods/[现代化修复] modernfix-forge-5.27.51+mc1.20.1.jar,982465,959.44 KB,(省略),(省略),cdn.modrinth.com,https://cdn.modrinth.com/data/nmDcB62a/versions/5Uz1QIVU/modernfix-forge-5.27.51%2Bmc1.20.1.jar,1f69aa3406e24c645d4b9df25c35a6e4deb66527,72bf02d4253df106c29414592065cb5a341908a54c3bf8048c5204cf194fbea366b5319539d7ee98b3f2b92e597d28911ebe9322adc66ffd6d07163eba06b764,未知/通用待确认
mods/[真实物理] physics-mod-3.0.18-mc-1.20.1-forge.jar,60624141,57.82 MB,(省略),(省略),cdn.modrinth.com,https://cdn.modrinth.com/data/Xy8aRQKS/versions/4AaCo2Rk/physics-mod-3.0.18-mc-1.20.1-forge.jar,0c0b9b4e9f54295a0aaf4e98ded29980d809c6e7,49527dca4508678d1fb669c7a993a6c68f3f97047ef2e656f0f16ad208b70a3619ac51e95ed4c573d4109d6c81cbc7c6263d517b05fb80ed3a2ea333f3551b73,未知/通用待确认
mods/[纸娃娃] paperdoll-forge-1.4.0-mc1.20.1.jar,1720369,1.64 MB,(省略),(省略),cdn.modrinth.com,https://cdn.modrinth.com/data/edwFXb9k/versions/A0fElsW4/paperdoll-forge-1.4.0-mc1.20.1.jar,728e2fe2e5341441e791378e359a646d89b7cb72,677c020c8e8e216a04c9cdd4f42534d3666af84b3536a27b071a4e8b87fd825cb41c15f4a008252547605b3de8be5cee5416448eedf91e516c636d3ad392c05e,未知/通用待确认
mods/[聊天动画] chatanimation-forge-1.20.1-1.1.3.jar,381473,372.53 KB,(省略),(省略),cdn.modrinth.com,https://cdn.modrinth.com/data/DnNYdJsx/versions/jd35SzOM/chatanimation-forge-1.20.1-1.1.3.jar,60f1673f321534a6eb8ce1250cd0f221209daf8b,973e5bd0c0f701022ccca2bd0c86ce756ec54be59c5b2697f01d26a6ca01dadf656208d971ff3659500aaef360e47c5df700221a528b839b2d9594d41db07623,未知/通用待确认
mods/[聊天头像] chat_heads-0.15.2-forge-1.20.jar,722643,705.71 KB,(省略),(省略),cdn.modrinth.com,https://cdn.modrinth.com/data/Wb5oqrBJ/versions/raixMXoT/chat_heads-0.15.2-forge-1.20.jar,fe49c0f42f21f4c0ea71c3cda7757914cb875ae7,a66fcb247284584234c3ebdb5391ed7544a2cfaf4d00085bec3c243cf2727bff4873f98d29140c67c01a45f359a6f61f248416234cf452452588a0f308268216,未知/通用待确认
mods/[自定义NPC 非官方版] CustomNPCs-1.20.1-GBPort-Unofficial-1.20.1.20260227.jar,10846030,10.34 MB,(省略),(省略),cdn.modrinth.com,https://cdn.modrinth.com/data/vFAmwl6B/versions/CaWlRoYD/CustomNPCs-1.20.1-GBPort-Unofficial-1.20.1.20260227.jar,088d7c7066e0471cb2f538a9cf1c2a5471cca0ad,0b54411d98f903e0d01094634b0e79d6bddec146a70addf40656c254bcf1c7e7aa920bf31012061212d87d23e7ed3e9954623e4992b88b4c35ef18196102c4af,未知/通用待确认
mods/[试验假人] dummmmmmy-1.20-2.0.12-forge.jar,839685,820.00 KB,(省略),(省略),cdn.modrinth.com,https://cdn.modrinth.com/data/Adega8YN/versions/c1HMqDvI/dummmmmmy-1.20-2.0.12-forge.jar,3b6da54436955ea2ca6e8891ef69d0f6621ab878,3ad3237a847cdbfc93df1eb0eaa75552e9a1aca871e04106948317ee930b04e6e1d84fb776f3d21bd17ceb5bf033833562bf7294c7579a4e6f5abbf86f1aa32f,未知/通用待确认
mods/[越肩视角重制] ShoulderSurfing-Forge-1.20.1-4.22.12.jar,270973,264.62 KB,(省略),(省略),cdn.modrinth.com,https://cdn.modrinth.com/data/kepjj2sy/versions/TQk9rDdf/ShoulderSurfing-Forge-1.20.1-4.22.12.jar,8e6a6107d075af859f43dece064b71b2259c344b,9be5f6d80fdfdf01d42bbdddbaa8d0fcec8eca258686bb86165d283abe7bbfc49b6cf2b01a56f1483a5f119ed324f20549a888ec159fad875ebf7aebbdba9ea5,未知/通用待确认
mods/[跑酷！] ParCool-1.20.1-3.4.3.3.jar,1154052,1.10 MB,(省略),(省略),cdn.modrinth.com,https://cdn.modrinth.com/data/Fsvx2bdR/versions/uEY441aP/ParCool-1.20.1-3.4.3.3.jar,55f8b8a9fd9e23cd0dccff56461a8ae88464caed,42f4da16b008343e39b7df17b8d52b8fc04ba6d52b2ea5deaeb7eb7cd19b70dc9d955d3e71d1357988d0e7ba05089dd1617e303ffdc7482357d1df98ac6f688a,未知/通用待确认
mods/[边拿边走] InvMove-0.9.3+1.20.1-Forge.jar,270522,264.18 KB,(省略),(省略),cdn.modrinth.com,https://cdn.modrinth.com/data/REfW2AEX/versions/RLzFQg0l/InvMove-0.9.3%2B1.20.1-Forge.jar,5ce261a448fb8417a40429bae9dc634d0cd0b1d5,ce0eb2fc9e1e51641f9fd763602d92e3014a452263ed41ad6a8ecda5670c036c80e834338dd9e0a1adf23ec6ccf23f29827ac4896b85257d4ccf7789f3cb4541,未知/通用待确认
mods/[通用拼音搜索] jecharacters-1.20.1-forge-4.6.4.jar,267969,261.69 KB,(省略),(省略),cdn.modrinth.com,https://cdn.modrinth.com/data/I7k4B65h/versions/BF9ffp3J/jecharacters-1.20.1-forge-4.6.4.jar,38367ae9f513bb2e82bd925df454f2e30ad1e801,7e3e0aa6341a4e94cec04b158d760d62a452604160a562d92bd75af7fe6cb0cf8e58935cd6a5a2bc592a8853ec0a0b01140a9e7089a21fa8f3a1ef72d66a3225,未知/通用待确认
mods/[鈇] flerovium-forge-1.20.1-1.2.19-all.jar,254081,248.13 KB,(省略),(省略),cdn.modrinth.com,https://cdn.modrinth.com/data/4Rh1Mobu/versions/nBTmGp0v/flerovium-forge-1.20.1-1.2.19-all.jar,6f1536b97ce65a4a0fba2887aa2b1fa46be252b7,a137aed55fc3a845df7a7b8dfa3c59107bcb1aa0490f2d5f442b2b21a40fdf0fdddd43da2a3d80417e7eb8dc701e6e1cded341889a69dc5ca45356c7417101b7,未知/通用待确认
mods/[钠／Embeddium：附属] sodiumextras-forge-1.0.7-1.20.1.jar,438540,428.26 KB,(省略),(省略),cdn.modrinth.com,https://cdn.modrinth.com/data/vqqx0QiE/versions/VNFB2Vgv/sodiumextras-forge-1.0.7-1.20.1.jar,7603f44bc4750774fbbdc07a3153c391650fcf3d,47f298943079eb6b8f5222cbb093fec0c29c86a6f68e8000545059d64ff5c4cbf76fa774565a0d4d89d1fb0a278b62292f7619fb818e4fdfd9f01a637e7fcbfb,可能是客户端/视觉/QoL
mods/[高速企鹅] moveslikemafuyu-1.1.3.jar,34952,34.13 KB,(省略),(省略),cdn.modrinth.com,https://cdn.modrinth.com/data/3AmRjjga/versions/NtuKWZ27/moveslikemafuyu-1.1.3.jar,7a4fa0ce8d1149db69d4fdd941ab8140df96565a,a659892c932bca928b7c3c6bb0e4389f8d91bfc01aa5abe484c6c2c0564efd1ee36bc69f51f3c37ffe7140f861600b56d4a343eb5025567e34ccb2d3719d5af4,未知/通用待确认
shaderpacks/photon_v1.3b.zip,3800987,3.62 MB,(省略),(省略),cdn.modrinth.com,https://cdn.modrinth.com/data/lLqFfGNs/versions/gUv7fBPN/photon_v1.3b.zip,d975d25c9686de5f10e8b86c8518613cdf3f040a,40bcbac9c656f2965f543e4b35cd0698723b2db8b67662f1b53c14223cfbef7d60d7fbf0176f73fcadd0d1e19ba60d951ed77e9eece8c8df7dca4d2be6315309,客户端光影包
